"intensity","mean"
"avg_0",33700.0606060606
"avg_1",5481.54545454545
"avg_2",386.333333333333
"avg_3",601.151515151515
